t,target,cmd,measured
0,20,15,0
0.005,20,15,0
0.01,20,15,0
0.015,20,15,0
0.02,20,15,0
0.025,20,15,0
0.03,20,15,0
0.035,20,15,0
0.04,20,15,0
0.045,20,15,0
0.05,20,15,0
0.055,20,15,0
0.06,20,15,0
0.065,20,15,0
0.07,20,15,0
0.075,20,15,0
0.08,20,15,0
0.085,20,15,0
0.09,20,15,0
0.095,20,15,0
0.1,20,15,0
0.105,20,15,0
0.11,20,15,0
0.115,20,15,0
0.12,20,15,0
0.125,20,15,0
0.13,20,15,0
0.135,20,15,0
0.14,20,15,0
0.145,20,15,0
0.15,20,15,0
0.155,20,15,0
0.16,20,15,0
0.165,20,15,0
0.17,20,15,0
0.175,20,15,0
0.18,20,15,0
0.185,20,15,0
0.19,20,15,0
0.195,20,15,0
0.2,20,15,0
0.205,20,15,0
0.21,20,15,0
0.215,20,15,0
0.22,20,15,0.1
0.225,20,15,0.2
0.23,20,15,0.3
0.235,20,15,0.4
0.24,20,15,0.5
0.245,20,15,0.6
0.25,20,15,0.7
0.255,20,15,0.7
0.26,20,15,0.8
0.265,20,15,0.9
0.27,20,15,1
0.275,20,15,1.1
0.28,20,15,1.2
0.285,20,15,1.3
0.29,20,15,1.4
0.295,20,15,1.5
0.3,20,15,1.6
0.305,20,15,1.7
0.31,20,15,1.8
0.315,20,15,1.9
0.32,20,15,2
0.325,20,15,2
0.33,20,15,2.1
0.335,20,15,2.2
0.34,20,15,2.3
0.345,20,15,2.4
0.35,20,15,2.5
0.355,20,15,2.6
0.36,20,15,2.7
0.365,20,15,2.8
0.37,20,15,2.9
0.375,20,15,3
0.38,20,15,3.1
0.385,20,15,3.2
0.39,20,15,3.3
0.395,20,15,3.4
0.4,20,15,3.5
0.405,20,15,3.6
0.41,20,15,3.7
0.415,20,15,3.8
0.42,20,15,3.9
0.425,20,15,4
0.43,20,15,4.1
0.435,20,15,4.1
0.44,20,15,4.2
0.445,20,15,4.3
0.45,20,15,4.4
0.455,20,15,4.5
0.46,20,15,4.6
0.465,20,15,4.7
0.47,20,15,4.8
0.475,20,15,4.9
0.48,20,15,5
0.485,20,15,5.1
0.49,20,15,5.2
0.495,20,15,5.3
0.5,20,15,5.4
0.505,20,15,5.5
0.51,20,15,5.6
0.515,20,15,5.7
0.52,20,15,5.8
0.525,20,15,5.9
0.53,20,15,6
0.535,20,15,6.1
0.54,20,15,6.2
0.545,20,15,6.3
0.55,20,15,6.4
0.555,20,15,6.5
0.56,20,15,6.6
0.565,20,15,6.7
0.57,20,15,6.8
0.575,20,15,6.9
0.58,20,15,7
0.585,20,15,7.1
0.59,20,15,7.2
0.595,20,15,7.3
0.6,20,15,7.3
0.605,20,15,7.4
0.61,20,15,7.5
0.615,20,15,7.6
0.62,20,15,7.7
0.625,20,15,7.8
0.63,20,15,7.9
0.635,20,15,8
0.64,20,15,8.1
0.645,20,15,8.2
0.65,20,15,8.3
0.655,20,15,8.4
0.66,20,15,8.5
0.665,20,15,8.6
0.67,20,15,8.7
0.675,20,15,8.8
0.68,20,15,8.9
0.685,20,15,9
0.69,20,15,9.1
0.695,20,15,9.2
0.7,20,15,9.3
0.705,20,15,9.4
0.71,20,15,9.5
0.715,20,15,9.6
0.72,20,15,9.7
0.725,20,15,9.8
0.73,20,14.98,9.9
0.735,20,14.83,10
0.74,20,14.68,10.1
0.745,20,14.53,10.2
0.75,20,14.38,10.3
0.755,20,14.23,10.4
0.76,20,14.08,10.5
0.765,20,13.93,10.6
0.77,20,13.78,10.7
0.775,20,13.63,10.8
0.78,20,13.48,10.8
0.785,20,13.88,10.9
0.79,20,13.33,11
0.795,20,13.18,11.1
0.8,20,13.03,11.2
0.805,20,12.88,11.3
0.81,20,12.73,11.4
0.815,20,12.58,11.5
0.82,20,12.43,11.6
0.825,20,12.28,11.7
0.83,20,12.13,11.8
0.835,20,11.98,11.9
0.84,20,11.83,12
0.845,20,11.68,12
0.85,20,12.08,12.1
0.855,20,11.53,12.2
0.86,20,11.38,12.3
0.865,20,11.23,12.4
0.87,20,11.08,12.5
0.875,20,10.93,12.6
0.88,20,10.78,12.6
0.885,20,11.18,12.7
0.89,20,10.63,12.8
0.895,20,10.48,12.9
0.9,20,10.33,13
0.905,20,10.18,13
0.91,20,10.58,13.1
0.915,20,10.03,13.2
0.92,20,9.88,13.3
0.925,20,9.73,13.4
0.93,20,9.58,13.4
0.935,20,9.98,13.5
0.94,20,9.43,13.6
0.945,20,9.28,13.7
0.95,20,9.13,13.7
0.955,20,9.53,13.8
0.96,20,8.98,13.9
0.965,20,8.83,14
0.97,20,8.68,14
0.975,20,9.08,14.1
0.98,20,8.53,14.2
0.985,20,8.38,14.2
0.99,20,8.78,14.3
0.995,20,8.23,14.4
1,20,8.08,14.4
1.005,20,8.48,14.5
1.01,20,7.93,14.6
1.015,20,7.78,14.6
1.02,20,8.18,14.7
1.025,20,7.63,14.8
1.03,20,7.48,14.8
1.035,20,7.88,14.9
1.04,20,7.33,15
1.045,20,7.18,15
1.05,20,7.58,15.1
1.055,20,7.03,15.1
1.06,20,7.43,15.2
1.065,20,6.88,15.2
1.07,20,7.28,15.3
1.075,20,6.73,15.4
1.08,20,6.58,15.4
1.085,20,6.98,15.5
1.09,20,6.43,15.5
1.095,20,6.83,15.6
1.1,20,6.28,15.6
1.105,20,6.68,15.7
1.11,20,6.13,15.7
1.115,20,6.53,15.8
1.12,20,5.98,15.8
1.125,20,6.38,15.9
1.13,20,5.83,15.9
1.135,20,6.23,16
1.14,20,5.68,16
1.145,20,6.08,16.1
1.15,20,5.53,16.1
1.155,20,5.93,16.2
1.16,20,5.38,16.2
1.165,20,5.78,16.3
1.17,20,5.23,16.3
1.175,20,5.63,16.4
1.18,20,5.08,16.4
1.185,20,5.48,16.5
1.19,20,4.93,16.5
1.195,20,5.33,16.6
1.2,20,4.78,16.6
1.205,20,5.18,16.6
1.21,20,5.18,16.7
1.215,20,4.63,16.7
1.22,20,5.03,16.8
1.225,20,4.48,16.8
1.23,20,4.88,16.8
1.235,20,4.88,16.9
1.24,20,4.33,16.9
1.245,20,4.73,17
1.25,20,4.18,17
1.255,20,4.58,17
1.26,20,4.58,17.1
1.265,20,4.03,17.1
1.27,20,4.43,17.1
1.275,20,4.43,17.2
1.28,20,3.88,17.2
1.285,20,4.28,17.2
1.29,20,4.28,17.3
1.295,20,3.73,17.3
1.3,20,4.13,17.3
1.305,20,4.13,17.4
1.31,20,3.58,17.4
1.315,20,3.98,17.4
1.32,20,3.98,17.5
1.325,20,3.43,17.5
1.33,20,3.83,17.5
1.335,20,3.83,17.6
1.34,20,3.28,17.6
1.345,20,3.68,17.6
1.35,20,3.68,17.7
1.355,20,3.13,17.7
1.36,20,3.53,17.7
1.365,20,3.53,17.8
1.37,20,2.98,17.8
1.375,20,3.38,17.8
1.38,20,3.38,17.8
1.385,20,3.38,17.9
1.39,20,2.83,17.9
1.395,20,3.23,17.9
1.4,20,3.23,17.9
1.405,20,3.23,18
1.41,20,2.68,18
1.415,20,3.08,18
1.42,20,3.08,18
1.425,20,3.08,18.1
1.43,20,2.53,18.1
1.435,20,2.93,18.1
1.44,20,2.93,18.1
1.445,20,2.93,18.2
1.45,20,2.38,18.2
1.455,20,2.78,18.2
1.46,20,2.78,18.2
1.465,20,2.78,18.3
1.47,20,2.23,18.3
1.475,20,2.63,18.3
1.48,20,2.63,18.3
1.485,20,2.63,18.3
1.49,20,2.63,18.4
1.495,20,2.08,18.4
1.5,20,2.48,18.4
1.505,20,2.48,18.4
1.51,20,2.48,18.4
1.515,20,2.48,18.5
1.52,20,1.93,18.5
1.525,20,2.33,18.5
1.53,20,2.33,18.5
1.535,20,2.33,18.5
1.54,20,2.33,18.6
1.545,20,1.78,18.6
1.55,20,2.18,18.6
1.555,20,2.18,18.6
1.56,20,2.18,18.6
1.565,20,2.18,18.7
1.57,20,1.63,18.7
1.575,20,2.03,18.7
1.58,20,2.03,18.7
1.585,20,2.03,18.7
1.59,20,2.03,18.7
1.595,20,2.03,18.8
1.6,20,1.48,18.8
1.605,20,1.88,18.8
1.61,20,1.88,18.8
1.615,20,1.88,18.8
1.62,20,1.88,18.8
1.625,20,1.88,18.8
1.63,20,1.88,18.9
1.635,20,1.33,18.9
1.64,20,1.73,18.9
1.645,20,1.73,18.9
1.65,20,1.73,18.9
1.655,20,1.73,18.9
1.66,20,1.73,18.9
1.665,20,1.73,19
1.67,20,1.18,19
1.675,20,1.58,19
1.68,20,1.58,19
1.685,20,1.58,19
1.69,20,1.58,19
1.695,20,1.58,19
1.7,20,1.58,19.1
1.705,20,1.03,19.1
1.71,20,1.43,19.1
1.715,20,1.43,19.1
1.72,20,1.43,19.1
1.725,20,1.43,19.1
1.73,20,1.43,19.1
1.735,20,1.43,19.1
1.74,20,1.43,19.1
1.745,20,1.43,19.2
1.75,20,0.88,19.2
1.755,20,1.28,19.2
1.76,20,1.28,19.2
1.765,20,1.28,19.2
1.77,20,1.28,19.2
1.775,20,1.28,19.2
1.78,20,1.28,19.2
1.785,20,1.28,19.2
1.79,20,1.28,19.3
1.795,20,0.73,19.3
1.8,20,1.13,19.3
1.805,20,1.13,19.3
1.81,20,1.13,19.3
1.815,20,1.13,19.3
1.82,20,1.13,19.3
1.825,20,1.13,19.3
1.83,20,1.13,19.3
1.835,20,1.13,19.3
1.84,20,1.13,19.3
1.845,20,1.13,19.4
1.85,20,0.58,19.4
1.855,20,0.98,19.4
1.86,20,0.98,19.4
1.865,20,0.98,19.4
1.87,20,0.98,19.4
1.875,20,0.98,19.4
1.88,20,0.98,19.4
1.885,20,0.98,19.4
1.89,20,0.98,19.4
1.895,20,0.98,19.4
1.9,20,0.98,19.4
1.905,20,0.98,19.5
1.91,20,0.43,19.5
1.915,20,0.83,19.5
1.92,20,0.83,19.5
1.925,20,0.83,19.5
1.93,20,0.83,19.5
1.935,20,0.83,19.5
1.94,20,0.83,19.5
1.945,20,0.83,19.5
1.95,20,0.83,19.5
1.955,20,0.83,19.5
1.96,20,0.83,19.5
1.965,20,0.83,19.5
1.97,20,0.83,19.5
1.975,20,0.83,19.5
1.98,20,0.83,19.6
1.985,20,0.28,19.6
1.99,20,0.68,19.6
1.995,20,0.68,19.6
2,20,0.68,19.6
2.005,20,0.68,19.6
2.01,20,0.68,19.6
2.015,20,0.68,19.6
2.02,20,0.68,19.6
2.025,20,0.68,19.6
2.03,20,0.68,19.6
2.035,20,0.68,19.6
2.04,20,0.68,19.6
2.045,20,0.68,19.6
2.05,20,0.68,19.6
2.055,20,0.68,19.6
2.06,20,0.68,19.6
2.065,20,0.68,19.6
2.07,20,0.68,19.7
2.075,20,0.13,19.7
2.08,20,0.53,19.7
2.085,20,0.53,19.7
2.09,20,0.53,19.7
2.095,20,0.53,19.7
2.1,20,0.53,19.7
2.105,20,0.53,19.7
2.11,20,0.53,19.7
2.115,20,0.53,19.7
2.12,20,0.53,19.7
2.125,20,0.53,19.7
2.13,20,0.53,19.7
2.135,20,0.53,19.7
2.14,20,0.53,19.7
2.145,20,0.53,19.7
2.15,20,0.53,19.7
2.155,20,0.53,19.7
2.16,20,0.53,19.7
2.165,20,0.53,19.7
2.17,20,0.53,19.7
2.175,20,0.53,19.7
2.18,20,0.53,19.8
2.185,20,-0.02,19.8
2.19,20,0.38,19.8
2.195,20,0.38,19.8
2.2,20,0.38,19.8
2.205,20,0.38,19.8
2.21,20,0.38,19.8
2.215,20,0.38,19.8
2.22,20,0.38,19.8
2.225,20,0.38,19.8
2.23,20,0.38,19.8
2.235,20,0.38,19.8
2.24,20,0.38,19.8
2.245,20,0.38,19.8
2.25,20,0.38,19.8
2.255,20,0.38,19.8
2.26,20,0.38,19.8
2.265,20,0.38,19.8
2.27,20,0.38,19.8
2.275,20,0.38,19.8
2.28,20,0.38,19.8
2.285,20,0.38,19.8
2.29,20,0.38,19.8
2.295,20,0.38,19.8
2.3,20,0.38,19.8
2.305,20,0.38,19.8
2.31,20,0.38,19.8
2.315,20,0.38,19.8
2.32,20,0.38,19.8
2.325,20,0.38,19.8
2.33,20,0.38,19.8
2.335,20,0.38,19.8
2.34,20,0.38,19.9
2.345,20,-0.17,19.9
2.35,20,0.23,19.9
2.355,20,0.23,19.9
2.36,20,0.23,19.9
2.365,20,0.23,19.9
2.37,20,0.23,19.9
2.375,20,0.23,19.9
2.38,20,0.23,19.9
2.385,20,0.23,19.9
2.39,20,0.23,19.9
2.395,20,0.23,19.9
2.4,20,0.23,19.9
2.405,20,0.23,19.9
2.41,20,0.23,19.9
2.415,20,0.23,19.9
2.42,20,0.23,19.9
2.425,20,0.23,19.9
2.43,20,0.23,19.9
2.435,20,0.23,19.9
2.44,20,0.23,19.9
2.445,20,0.23,19.9
2.45,20,0.23,19.9
2.455,20,0.23,19.9
2.46,20,0.23,19.9
2.465,20,0.23,19.9
2.47,20,0.23,19.9
2.475,20,0.23,19.9
2.48,20,0.23,19.9
2.485,20,0.23,19.9
2.49,20,0.23,19.9
2.495,20,0.23,19.9
2.5,20,0.23,19.9
2.505,20,0.23,19.9
2.51,20,0.23,19.9
2.515,20,0.23,19.9
2.52,20,0.23,19.9
2.525,20,0.23,19.9
2.53,20,0.23,19.9
2.535,20,0.23,19.9
2.54,20,0.23,19.9
2.545,20,0.23,19.9
2.55,20,0.23,19.9
2.555,20,0.23,19.9
2.56,20,0.23,19.9
2.565,20,0.23,19.9
2.57,20,0.23,19.9
2.575,20,0.23,19.9
2.58,20,0.23,19.9
2.585,20,0.23,19.9
2.59,20,0.23,19.9
2.595,20,0.23,19.9
2.6,20,0.23,19.9
2.605,20,0.23,19.9
2.61,20,0.23,20
2.615,20,-0.4,20
2.62,20,0,20
2.625,20,0,20
2.63,20,0,20
2.635,20,0,20
2.64,20,0,20
2.645,20,0,20
2.65,20,0,20
2.655,20,0,20
2.66,20,0,20
2.665,20,0,20
2.67,20,0,20
2.675,20,0,20
2.68,20,0,20
2.685,20,0,20
2.69,20,0,20
2.695,20,0,20
2.7,20,0,20
2.705,20,0,20
2.71,20,0,20
2.715,20,0,20
2.72,20,0,20
2.725,20,0,20
2.73,20,0,20
2.735,20,0,20
2.74,20,0,20
2.745,20,0,20
2.75,20,0,20
2.755,20,0,20
2.76,20,0,20
2.765,20,0,20
2.77,20,0,20
2.775,20,0,20
2.78,20,0,20
2.785,20,0,20
2.79,20,0,20
2.795,20,0,20
2.8,20,0,20
2.805,20,0,20
2.81,20,0,20
2.815,20,0,20
2.82,20,0,20
2.825,20,0,20
2.83,20,0,20
2.835,20,0,20
2.84,20,0,20
2.845,20,0,20
2.85,20,0,20
2.855,20,0,20
2.86,20,0,20
2.865,20,0,20
2.87,20,0,20
2.875,20,0,20
2.88,20,0,20
2.885,20,0,20
2.89,20,0,20
2.895,20,0,20
2.9,20,0,20
2.905,20,0,20
2.91,20,0,20
2.915,20,0,20
2.92,20,0,20
2.925,20,0,20
2.93,20,0,20
2.935,20,0,20
2.94,20,0,20
2.945,20,0,20
2.95,20,0,20
2.955,20,0,20
2.96,20,0,20
2.965,20,0,20
2.97,20,0,20
2.975,20,0,20
2.98,20,0,20
2.985,20,0,20
2.99,20,0,20
2.995,20,0,20
3,20,0,20
3.005,20,0,20
3.01,20,0,20
3.015,20,0,20
3.02,20,0,20
3.025,20,0,20
3.03,20,0,20
3.035,20,0,20
3.04,20,0,20
3.045,20,0,20
3.05,20,0,20
3.055,20,0,20
3.06,20,0,20
3.065,20,0,20
3.07,20,0,20
3.075,20,0,20
3.08,20,0,20
3.085,20,0,20
3.09,20,0,20
3.095,20,0,20
3.1,20,0,20
3.105,20,0,20
3.11,20,0,20
3.115,20,0,20
3.12,20,0,20
3.125,20,0,20
3.13,20,0,20
3.135,20,0,20
3.14,20,0,20
3.145,20,0,20
3.15,20,0,20
3.155,20,0,20
3.16,20,0,20
3.165,20,0,20
3.17,20,0,20
3.175,20,0,20
3.18,20,0,20
3.185,20,0,20
3.19,20,0,20
3.195,20,0,20
3.2,20,0,20
3.205,20,0,20
3.21,20,0,20
3.215,20,0,20
3.22,20,0,20
3.225,20,0,20
3.23,20,0,20
3.235,20,0,20
3.24,20,0,20
3.245,20,0,20
3.25,20,0,20
3.255,20,0,20
3.26,20,0,20
3.265,20,0,20
3.27,20,0,20
3.275,20,0,20
3.28,20,0,20
3.285,20,0,20
3.29,20,0,20
3.295,20,0,20
3.3,20,0,20
3.305,20,0,20
3.31,20,0,20
3.315,20,0,20
3.32,20,0,20
3.325,20,0,20
3.33,20,0,20
3.335,20,0,20
3.34,20,0,20
3.345,20,0,20
3.35,20,0,20
3.355,20,0,20
3.36,20,0,20
3.365,20,0,20
3.37,20,0,20
3.375,20,0,20
3.38,20,0,20
3.385,20,0,20
3.39,20,0,20
3.395,20,0,20
3.4,20,0,20
3.405,20,0,20
3.41,20,0,20
3.415,20,0,20
3.42,20,0,20
3.425,20,0,20
3.43,20,0,20
3.435,20,0,20
3.44,20,0,20
3.445,20,0,20
3.45,20,0,20
3.455,20,0,20
3.46,20,0,20
3.465,20,0,20
3.47,20,0,20
3.475,20,0,20
3.48,20,0,20
3.485,20,0,20
3.49,20,0,20
3.495,20,0,20
3.5,20,0,20
3.505,20,0,20
3.51,20,0,20
3.515,20,0,20
3.52,20,0,20
3.525,20,0,20
3.53,20,0,20
3.535,20,0,20
3.54,20,0,20
3.545,20,0,20
3.55,20,0,20
3.555,20,0,20
3.56,20,0,20
3.565,20,0,20
3.57,20,0,20
3.575,20,0,20
3.58,20,0,20
3.585,20,0,20
3.59,20,0,20
3.595,20,0,20
3.6,20,0,20
3.605,20,0,20
3.61,20,0,20
3.615,20,0,20
3.62,20,0,20
3.625,20,0,20
3.63,20,0,20
3.635,20,0,20
3.64,20,0,20
3.645,20,0,20
3.65,20,0,20
3.655,20,0,20
3.66,20,0,20
3.665,20,0,20
3.67,20,0,20
3.675,20,0,20
3.68,20,0,20
3.685,20,0,20
3.69,20,0,20
3.695,20,0,20
3.7,20,0,20
3.705,20,0,20
3.71,20,0,20
3.715,20,0,20
3.72,20,0,20
3.725,20,0,20
3.73,20,0,20
3.735,20,0,20
3.74,20,0,20
3.745,20,0,20
3.75,20,0,20
3.755,20,0,20
3.76,20,0,20
3.765,20,0,20
3.77,20,0,20
3.775,20,0,20
3.78,20,0,20
3.785,20,0,20
3.79,20,0,20
3.795,20,0,20
3.8,20,0,20
3.805,20,0,20
3.81,20,0,20
3.815,20,0,20
3.82,20,0,20
3.825,20,0,20
3.83,20,0,20
3.835,20,0,20
3.84,20,0,20
3.845,20,0,20
3.85,20,0,20
3.855,20,0,20
3.86,20,0,20
3.865,20,0,20
3.87,20,0,20
3.875,20,0,20
3.88,20,0,20
3.885,20,0,20
3.89,20,0,20
3.895,20,0,20
3.9,20,0,20
3.905,20,0,20
3.91,20,0,20
3.915,20,0,20
3.92,20,0,20
3.925,20,0,20
3.93,20,0,20
3.935,20,0,20
3.94,20,0,20
3.945,20,0,20
3.95,20,0,20
3.955,20,0,20
3.96,20,0,20
3.965,20,0,20
3.97,20,0,20
3.975,20,0,20
3.98,20,0,20
3.985,20,0,20
3.99,20,0,20
3.995,20,0,20
4,20,0,20
4.005,20,0,20
4.01,20,0,20
4.015,20,0,20
4.02,20,0,20
4.025,20,0,20
4.03,20,0,20
4.035,20,0,20
4.04,20,0,20
4.045,20,0,20
4.05,20,0,20
4.055,20,0,20
4.06,20,0,20
4.065,20,0,20
4.07,20,0,20
4.075,20,0,20
4.08,20,0,20
4.085,20,0,20
4.09,20,0,20
4.095,20,0,20
4.1,20,0,20
4.105,20,0,20
4.11,20,0,20
4.115,20,0,20
4.12,20,0,20
4.125,20,0,20
4.13,20,0,20
4.135,20,0,20
4.14,20,0,20
4.145,20,0,20
4.15,20,0,20
4.155,20,0,20
4.16,20,0,20
4.165,20,0,20
4.17,20,0,20
4.175,20,0,20
4.18,20,0,20
4.185,20,0,20
4.19,20,0,20
4.195,20,0,20
4.2,20,0,20
4.205,20,0,20
4.21,20,0,20
4.215,20,0,20
4.22,20,0,20
4.225,20,0,20
4.23,20,0,20
4.235,20,0,20
4.24,20,0,20
4.245,20,0,20
4.25,20,0,20
4.255,20,0,20
4.26,20,0,20
4.265,20,0,20
4.27,20,0,20
4.275,20,0,20
4.28,20,0,20
4.285,20,0,20
4.29,20,0,20
4.295,20,0,20
4.3,20,0,20
4.305,20,0,20
4.31,20,0,20
4.315,20,0,20
4.32,20,0,20
4.325,20,0,20
4.33,20,0,20
4.335,20,0,20
4.34,20,0,20
4.345,20,0,20
4.35,20,0,20
4.355,20,0,20
4.36,20,0,20
4.365,20,0,20
4.37,20,0,20
4.375,20,0,20
4.38,20,0,20
4.385,20,0,20
4.39,20,0,20
4.395,20,0,20
4.4,20,0,20
4.405,20,0,20
4.41,20,0,20
4.415,20,0,20
4.42,20,0,20
4.425,20,0,20
4.43,20,0,20
4.435,20,0,20
4.44,20,0,20
4.445,20,0,20
4.45,20,0,20
4.455,20,0,20
4.46,20,0,20
4.465,20,0,20
4.47,20,0,20
4.475,20,0,20
4.48,20,0,20
4.485,20,0,20
4.49,20,0,20
4.495,20,0,20
4.5,20,0,20
4.505,20,0,20
4.51,20,0,20
4.515,20,0,20
4.52,20,0,20
4.525,20,0,20
4.53,20,0,20
4.535,20,0,20
4.54,20,0,20
4.545,20,0,20
4.55,20,0,20
4.555,20,0,20
4.56,20,0,20
4.565,20,0,20
4.57,20,0,20
4.575,20,0,20
4.58,20,0,20
4.585,20,0,20
4.59,20,0,20
4.595,20,0,20
4.6,20,0,20
4.605,20,0,20
4.61,20,0,20
4.615,20,0,20
4.62,20,0,20
4.625,20,0,20
4.63,20,0,20
4.635,20,0,20
4.64,20,0,20
4.645,20,0,20
4.65,20,0,20
4.655,20,0,20
4.66,20,0,20
4.665,20,0,20
4.67,20,0,20
4.675,20,0,20
4.68,20,0,20
4.685,20,0,20
4.69,20,0,20
4.695,20,0,20
4.7,20,0,20
4.705,20,0,20
4.71,20,0,20
4.715,20,0,20
4.72,20,0,20
4.725,20,0,20
4.73,20,0,20
4.735,20,0,20
4.74,20,0,20
4.745,20,0,20
4.75,20,0,20
4.755,20,0,20
4.76,20,0,20
4.765,20,0,20
4.77,20,0,20
4.775,20,0,20
4.78,20,0,20
4.785,20,0,20
4.79,20,0,20
4.795,20,0,20
4.8,20,0,20
4.805,20,0,20
4.81,20,0,20
4.815,20,0,20
4.82,20,0,20
4.825,20,0,20
4.83,20,0,20
4.835,20,0,20
4.84,20,0,20
4.845,20,0,20
4.85,20,0,20
4.855,20,0,20
4.86,20,0,20
4.865,20,0,20
4.87,20,0,20
4.875,20,0,20
4.88,20,0,20
4.885,20,0,20
4.89,20,0,20
4.895,20,0,20
4.9,20,0,20
4.905,20,0,20
4.91,20,0,20
4.915,20,0,20
4.92,20,0,20
4.925,20,0,20
4.93,20,0,20
4.935,20,0,20
4.94,20,0,20
4.945,20,0,20
4.95,20,0,20
4.955,20,0,20
4.96,20,0,20
4.965,20,0,20
4.97,20,0,20
4.975,20,0,20
4.98,20,0,20
4.985,20,0,20
4.99,20,0,20
4.995,20,0,20
5,20,0,20
5.005,20,0,20
5.01,20,0,20
5.015,20,0,20
5.02,20,0,20
5.025,20,0,20
5.03,20,0,20
5.035,20,0,20
5.04,20,0,20
5.045,20,0,20
5.05,20,0,20
5.055,20,0,20
5.06,20,0,20
5.065,20,0,20
5.07,20,0,20
5.075,20,0,20
5.08,20,0,20
5.085,20,0,20
5.09,20,0,20
5.095,20,0,20
5.1,20,0,20
5.105,20,0,20
5.11,20,0,20
5.115,20,0,20
5.12,20,0,20
5.125,20,0,20
5.13,20,0,20
5.135,20,0,20
5.14,20,0,20
5.145,20,0,20
5.15,20,0,20
5.155,20,0,20
5.16,20,0,20
5.165,20,0,20
5.17,20,0,20
5.175,20,0,20
5.18,20,0,20
5.185,20,0,20
5.19,20,0,20
5.195,20,0,20
5.2,20,0,20
5.205,20,0,20
5.21,20,0,20
5.215,20,0,20
5.22,20,0,20
5.225,20,0,20
5.23,20,0,20
5.235,20,0,20
5.24,20,0,20
5.245,20,0,20
5.25,20,0,20
5.255,20,0,20
5.26,20,0,20
5.265,20,0,20
5.27,20,0,20
5.275,20,0,20
5.28,20,0,20
5.285,20,0,20
5.29,20,0,20
5.295,20,0,20
5.3,20,0,20
5.305,20,0,20
5.31,20,0,20
5.315,20,0,20
5.32,20,0,20
5.325,20,0,20
5.33,20,0,20
5.335,20,0,20
5.34,20,0,20
5.345,20,0,20
5.35,20,0,20
5.355,20,0,20
5.36,20,0,20
5.365,20,0,20
5.37,20,0,20
5.375,20,0,20
5.38,20,0,20
5.385,20,0,20
5.39,20,0,20
5.395,20,0,20
5.4,20,0,20
5.405,20,0,20
5.41,20,0,20
5.415,20,0,20
5.42,20,0,20
5.425,20,0,20
5.43,20,0,20
5.435,20,0,20
5.44,20,0,20
5.445,20,0,20
5.45,20,0,20
5.455,20,0,20
5.46,20,0,20
5.465,20,0,20
5.47,20,0,20
5.475,20,0,20
5.48,20,0,20
5.485,20,0,20
5.49,20,0,20
5.495,20,0,20
5.5,20,0,20
5.505,20,0,20
5.51,20,0,20
5.515,20,0,20
5.52,20,0,20
5.525,20,0,20
5.53,20,0,20
5.535,20,0,20
5.54,20,0,20
5.545,20,0,20
5.55,20,0,20
5.555,20,0,20
5.56,20,0,20
5.565,20,0,20
5.57,20,0,20
5.575,20,0,20
5.58,20,0,20
5.585,20,0,20
5.59,20,0,20
5.595,20,0,20
5.6,20,0,20
5.605,20,0,20
5.61,20,0,20
5.615,20,0,20
5.62,20,0,20
5.625,20,0,20
5.63,20,0,20
5.635,20,0,20
5.64,20,0,20
5.645,20,0,20
5.65,20,0,20
5.655,20,0,20
5.66,20,0,20
5.665,20,0,20
5.67,20,0,20
5.675,20,0,20
5.68,20,0,20
5.685,20,0,20
5.69,20,0,20
5.695,20,0,20
5.7,20,0,20
5.705,20,0,20
5.71,20,0,20
5.715,20,0,20
5.72,20,0,20
5.725,20,0,20
5.73,20,0,20
5.735,20,0,20
5.74,20,0,20
5.745,20,0,20
5.75,20,0,20
5.755,20,0,20
5.76,20,0,20
5.765,20,0,20
5.77,20,0,20
5.775,20,0,20
5.78,20,0,20
5.785,20,0,20
5.79,20,0,20
5.795,20,0,20
5.8,20,0,20
5.805,20,0,20
5.81,20,0,20
5.815,20,0,20
5.82,20,0,20
5.825,20,0,20
5.83,20,0,20
5.835,20,0,20
5.84,20,0,20
5.845,20,0,20
5.85,20,0,20
5.855,20,0,20
5.86,20,0,20
5.865,20,0,20
5.87,20,0,20
5.875,20,0,20
5.88,20,0,20
5.885,20,0,20
5.89,20,0,20
5.895,20,0,20
5.9,20,0,20
5.905,20,0,20
5.91,20,0,20
5.915,20,0,20
5.92,20,0,20
5.925,20,0,20
5.93,20,0,20
5.935,20,0,20
5.94,20,0,20
5.945,20,0,20
5.95,20,0,20
5.955,20,0,20
5.96,20,0,20
5.965,20,0,20
5.97,20,0,20
5.975,20,0,20
5.98,20,0,20
5.985,20,0,20
5.99,20,0,20
5.995,20,0,20
6,12,-15,20
6.005,12,-12.0008,20
6.01,12,-12.0012,20
6.015,12,-12.0016,20
6.02,12,-12.002,20
6.025,12,-12.0024,20
6.03,12,-12.0028,20
6.035,12,-12.0032,20
6.04,12,-12.0036,20
6.045,12,-12.004,20
6.05,12,-12.0044,20
6.055,12,-12.0048,20
6.06,12,-12.0052,20
6.065,12,-12.0056,20
6.07,12,-12.006,20
6.075,12,-12.0064,20
6.08,12,-12.0068,20
6.085,12,-12.0072,20
6.09,12,-12.0076,20
6.095,12,-12.008,20
6.1,12,-12.0084,20
6.105,12,-12.0088,20
6.11,12,-12.0092,20
6.115,12,-12.0096,20
6.12,12,-12.01,20
6.125,12,-12.0104,20
6.13,12,-12.0108,20
6.135,12,-12.0112,20
6.14,12,-12.0116,20
6.145,12,-12.012,20
6.15,12,-12.0124,20
6.155,12,-12.0128,20
6.16,12,-12.0132,20
6.165,12,-12.0136,20
6.17,12,-12.014,20
6.175,12,-12.0144,20
6.18,12,-12.0148,20
6.185,12,-12.0152,20
6.19,12,-12.0156,20
6.195,12,-12.016,20
6.2,12,-12.0164,20
6.205,12,-12.0168,20
6.21,12,-12.0172,20
6.215,12,-12.0176,20
6.22,12,-12.018,20
6.225,12,-12.0184,20
6.23,12,-12.0188,20
6.235,12,-12.0192,20
6.24,12,-12.0196,20
6.245,12,-12.02,20
6.25,12,-12.0204,20
6.255,12,-12.0208,20
6.26,12,-12.0212,20
6.265,12,-12.0216,20
6.27,12,-12.022,20
6.275,12,-12.0224,20
6.28,12,-12.0228,20
6.285,12,-12.0232,20
6.29,12,-12.0236,20
6.295,12,-12.024,20
6.3,12,-12.0244,20
6.305,12,-12.0248,20
6.31,12,-12.0252,20
6.315,12,-12.0256,20
6.32,12,-12.026,20
6.325,12,-12.0264,20
6.33,12,-12.0268,20
6.335,12,-12.0272,20
6.34,12,-12.0276,20
6.345,12,-12.028,20
6.35,12,-12.0284,20
6.355,12,-12.0288,20
6.36,12,-12.0292,20
6.365,12,-12.0296,20
6.37,12,-12.03,20
6.375,12,-12.0304,20
6.38,12,-12.0308,20
6.385,12,-12.0312,20
6.39,12,-12.0316,20
6.395,12,-12.032,20
6.4,12,-12.0324,20
6.405,12,-12.0328,20
6.41,12,-12.0332,20
6.415,12,-12.0336,20
6.42,12,-12.034,20
6.425,12,-12.0344,19.9
6.43,12,-11.4848,19.8
6.435,12,-11.3352,19.8
6.44,12,-11.7356,19.7
6.445,12,-11.186,19.6
6.45,12,-11.0363,19.5
6.455,12,-10.8867,19.4
6.46,12,-10.7371,19.4
6.465,12,-11.1375,19.3
6.47,12,-10.5878,19.2
6.475,12,-10.4382,19.1
6.48,12,-10.2885,19.1
6.485,12,-10.6889,19
6.49,12,-10.1392,18.9
6.495,12,-9.98959,18.8
6.5,12,-9.83992,18.8
6.505,12,-10.2403,18.7
6.51,12,-9.6906,18.6
6.515,12,-9.54093,18.6
6.52,12,-9.94126,18.5
6.525,12,-9.39158,18.4
6.53,12,-9.24191,18.3
6.535,12,-9.09222,18.3
6.54,12,-9.49254,18.2
6.545,12,-8.94284,18.1
6.55,12,-8.79315,18.1
6.555,12,-9.19346,18
6.56,12,-8.64375,17.9
6.565,12,-8.49405,17.9
6.57,12,-8.89435,17.8
6.575,12,-8.34463,17.7
6.58,12,-8.19492,17.7
6.585,12,-8.5952,17.6
6.59,12,-8.04549,17.5
6.595,12,-7.89576,17.5
6.6,12,-8.29603,17.4
6.605,12,-7.74631,17.4
6.61,12,-8.14658,17.3
6.615,12,-7.59684,17.2
6.62,12,-7.4471,17.2
6.625,12,-7.84736,17.1
6.63,12,-7.29762,17.1
6.635,12,-7.69787,17
6.64,12,-7.14812,16.9
6.645,12,-6.99837,16.9
6.65,12,-7.39861,16.8
6.655,12,-6.84885,16.8
6.66,12,-7.24909,16.7
6.665,12,-6.69932,16.7
6.67,12,-7.09956,16.6
6.675,12,-6.54979,16.5
6.68,12,-6.40001,16.5
6.685,12,-6.80024,16.4
6.69,12,-6.25046,16.4
6.695,12,-6.65068,16.3
6.7,12,-6.10089,16.3
6.705,12,-6.50111,16.2
6.71,12,-5.95132,16.2
6.715,12,-6.35153,16.1
6.72,12,-5.80174,16.1
6.725,12,-6.20194,16
6.73,12,-5.65214,16
6.735,12,-6.05234,15.9
6.74,12,-5.50254,15.9
6.745,12,-5.90273,15.8
6.75,12,-5.35292,15.8
6.755,12,-5.75311,15.8
6.76,12,-5.7533,15.7
6.765,12,-5.20349,15.7
6.77,12,-5.60367,15.6
6.775,12,-5.05385,15.6
6.78,12,-5.45403,15.5
6.785,12,-4.9042,15.5
6.79,12,-5.30438,15.4
6.795,12,-4.75455,15.4
6.8,12,-5.15472,15.4
6.805,12,-5.15489,15.3
6.81,12,-4.60506,15.3
6.815,12,-5.00522,15.2
6.82,12,-4.45538,15.2
6.825,12,-4.85554,15.2
6.83,12,-4.8557,15.1
6.835,12,-4.30586,15.1
6.84,12,-4.70601,15
6.845,12,-4.15616,15
6.85,12,-4.55631,15
6.855,12,-4.55646,14.9
6.86,12,-4.00661,14.9
6.865,12,-4.40675,14.9
6.87,12,-4.4069,14.8
6.875,12,-3.85704,14.8
6.88,12,-4.25718,14.8
6.885,12,-4.25732,14.7
6.89,12,-3.70745,14.7
6.895,12,-4.10759,14.7
6.9,12,-4.10772,14.6
6.905,12,-3.55785,14.6
6.91,12,-3.95798,14.6
6.915,12,-3.95811,14.5
6.92,12,-3.40823,14.5
6.925,12,-3.80836,14.5
6.93,12,-3.80849,14.4
6.935,12,-3.25861,14.4
6.94,12,-3.65873,14.4
6.945,12,-3.65885,14.3
6.95,12,-3.10896,14.3
6.955,12,-3.50908,14.3
6.96,12,-3.50919,14.3
6.965,12,-3.50931,14.2
6.97,12,-2.95942,14.2
6.975,12,-3.35953,14.2
6.98,12,-3.35964,14.2
6.985,12,-3.35975,14.1
6.99,12,-2.80985,14.1
6.995,12,-3.20996,14.1
7,12,-3.21006,14
7.005,12,-2.66016,14
7.01,12,-3.06026,14
7.015,12,-3.06036,14
7.02,12,-3.06046,13.9
7.025,12,-2.51056,13.9
7.03,12,-2.91065,13.9
7.035,12,-2.91075,13.9
7.04,12,-2.91084,13.8
7.045,12,-2.36093,13.8
7.05,12,-2.76102,13.8
7.055,12,-2.76111,13.8
7.06,12,-2.7612,13.8
7.065,12,-2.76129,13.7
7.07,12,-2.21138,13.7
7.075,12,-2.61146,13.7
7.08,12,-2.61155,13.7
7.085,12,-2.61163,13.7
7.09,12,-2.61172,13.6
7.095,12,-2.0618,13.6
7.1,12,-2.46188,13.6
7.105,12,-2.46196,13.6
7.11,12,-2.46204,13.5
7.115,12,-1.91211,13.5
7.12,12,-2.31218,13.5
7.125,12,-2.31226,13.5
7.13,12,-2.31234,13.5
7.135,12,-2.31241,13.5
7.14,12,-2.31249,13.4
7.145,12,-1.76256,13.4
7.15,12,-2.16263,13.4
7.155,12,-2.1627,13.4
7.16,12,-2.16277,13.4
7.165,12,-2.16284,13.3
7.17,12,-1.6129,13.3
7.175,12,-2.01297,13.3
7.18,12,-2.01303,13.3
7.185,12,-2.0131,13.3
7.19,12,-2.01316,13.3
7.195,12,-2.01323,13.2
7.2,12,-1.46329,13.2
7.205,12,-1.86335,13.2
7.21,12,-1.86341,13.2
7.215,12,-1.86347,13.2
7.22,12,-1.86353,13.2
7.225,12,-1.86359,13.2
7.23,12,-1.86365,13.1
7.235,12,-1.3137,13.1
7.24,12,-1.71376,13.1
7.245,12,-1.71381,13.1
7.25,12,-1.71387,13.1
7.255,12,-1.71392,13.1
7.26,12,-1.71398,13.1
7.265,12,-1.71403,13
7.27,12,-1.16408,13
7.275,12,-1.56413,13
7.28,12,-1.56418,13
7.285,12,-1.56423,13
7.29,12,-1.56428,13
7.295,12,-1.56433,13
7.3,12,-1.56438,13
7.305,12,-1.56443,12.9
7.31,12,-1.01448,12.9
7.315,12,-1.41452,12.9
7.32,12,-1.41457,12.9
7.325,12,-1.41461,12.9
7.33,12,-1.41466,12.9
7.335,12,-1.4147,12.9
7.34,12,-1.41475,12.9
7.345,12,-1.41479,12.8
7.35,12,-0.86483,12.8
7.355,12,-1.26487,12.8
7.36,12,-1.26491,12.8
7.365,12,-1.26495,12.8
7.37,12,-1.26499,12.8
7.375,12,-1.26503,12.8
7.38,12,-1.26507,12.8
7.385,12,-1.26511,12.8
7.39,12,-1.26515,12.8
7.395,12,-1.26519,12.7
7.4,12,-0.715225,12.7
7.405,12,-1.11526,12.7
7.41,12,-1.1153,12.7
7.415,12,-1.11533,12.7
7.42,12,-1.11537,12.7
7.425,12,-1.1154,12.7
7.43,12,-1.11544,12.7
7.435,12,-1.11547,12.7
7.44,12,-1.11551,12.7
7.445,12,-1.11554,12.7
7.45,12,-1.11558,12.6
7.455,12,-0.565605,12.6
7.46,12,-0.965635,12.6
7.465,12,-0.965665,12.6
7.47,12,-0.965695,12.6
7.475,12,-0.965725,12.6
7.48,12,-0.965755,12.6
7.485,12,-0.965785,12.6
7.49,12,-0.965815,12.6
7.495,12,-0.965845,12.6
7.5,12,-0.965875,12.6
7.505,12,-0.965905,12.6
7.51,12,-0.965935,12.5
7.515,12,-0.41596,12.5
7.52,12,-0.815985,12.5
7.525,12,-0.81601,12.5
7.53,12,-0.816035,12.5
7.535,12,-0.81606,12.5
7.54,12,-0.816085,12.5
7.545,12,-0.81611,12.5
7.55,12,-0.816135,12.5
7.555,12,-0.81616,12.5
7.56,12,-0.816185,12.5
7.565,12,-0.81621,12.5
7.57,12,-0.816235,12.5
7.575,12,-0.81626,12.5
7.58,12,-0.816285,12.5
7.585,12,-0.81631,12.4
7.59,12,-0.26633,12.4
7.595,12,-0.66635,12.4
7.6,12,-0.66637,12.4
7.605,12,-0.66639,12.4
7.61,12,-0.66641,12.4
7.615,12,-0.66643,12.4
7.62,12,-0.66645,12.4
7.625,12,-0.66647,12.4
7.63,12,-0.66649,12.4
7.635,12,-0.66651,12.4
7.64,12,-0.66653,12.4
7.645,12,-0.66655,12.4
7.65,12,-0.66657,12.4
7.655,12,-0.66659,12.4
7.66,12,-0.66661,12.4
7.665,12,-0.66663,12.4
7.67,12,-0.66665,12.4
7.675,12,-0.66667,12.3
7.68,12,-0.116685,12.3
7.685,12,-0.5167,12.3
7.69,12,-0.516715,12.3
7.695,12,-0.51673,12.3
7.7,12,-0.516745,12.3
7.705,12,-0.51676,12.3
7.71,12,-0.516775,12.3
7.715,12,-0.51679,12.3
7.72,12,-0.516805,12.3
7.725,12,-0.51682,12.3
7.73,12,-0.516835,12.3
7.735,12,-0.51685,12.3
7.74,12,-0.516865,12.3
7.745,12,-0.51688,12.3
7.75,12,-0.516895,12.3
7.755,12,-0.51691,12.3
7.76,12,-0.516925,12.3
7.765,12,-0.51694,12.3
7.77,12,-0.516955,12.3
7.775,12,-0.51697,12.3
7.78,12,-0.516985,12.3
7.785,12,-0.517,12.3
7.79,12,-0.517015,12.2
7.795,12,0.032975,12.2
7.8,12,-0.367035,12.2
7.805,12,-0.367045,12.2
7.81,12,-0.367055,12.2
7.815,12,-0.367065,12.2
7.82,12,-0.367075,12.2
7.825,12,-0.367085,12.2
7.83,12,-0.367095,12.2
7.835,12,-0.367105,12.2
7.84,12,-0.367115,12.2
7.845,12,-0.367125,12.2
7.85,12,-0.367135,12.2
7.855,12,-0.367145,12.2
7.86,12,-0.367155,12.2
7.865,12,-0.367165,12.2
7.87,12,-0.367175,12.2
7.875,12,-0.367185,12.2
7.88,12,-0.367195,12.2
7.885,12,-0.367205,12.2
7.89,12,-0.367215,12.2
7.895,12,-0.367225,12.2
7.9,12,-0.367235,12.2
7.905,12,-0.367245,12.2
7.91,12,-0.367255,12.2
7.915,12,-0.367265,12.2
7.92,12,-0.367275,12.2
7.925,12,-0.367285,12.2
7.93,12,-0.367295,12.2
7.935,12,-0.367305,12.2
7.94,12,-0.367315,12.2
7.945,12,-0.367325,12.2
7.95,12,-0.367335,12.2
7.955,12,-0.367345,12.2
7.96,12,-0.367355,12.1
7.965,12,0.18264,12.1
7.97,12,-0.217365,12.1
7.975,12,-0.21737,12.1
7.98,12,-0.217375,12.1
7.985,12,-0.21738,12.1
7.99,12,-0.217385,12.1
7.995,12,-0.21739,12.1
8,12,-0.217395,12.1
8.005,12,-0.2174,12.1
8.01,12,-0.217405,12.1
8.015,12,-0.21741,12.1
8.02,12,-0.217415,12.1
8.025,12,-0.21742,12.1
8.03,12,-0.217425,12.1
8.035,12,-0.21743,12.1
8.04,12,-0.217435,12.1
8.045,12,-0.21744,12.1
8.05,12,-0.217445,12.1
8.055,12,-0.21745,12.1
8.06,12,-0.217455,12.1
8.065,12,-0.21746,12.1
8.07,12,-0.217465,12.1
8.075,12,-0.21747,12.1
8.08,12,-0.217475,12.1
8.085,12,-0.21748,12.1
8.09,12,-0.217485,12.1
8.095,12,-0.21749,12.1
8.1,12,-0.217495,12.1
8.105,12,-0.2175,12.1
8.11,12,-0.217505,12.1
8.115,12,-0.21751,12.1
8.12,12,-0.217515,12.1
8.125,12,-0.21752,12.1
8.13,12,-0.217525,12.1
8.135,12,-0.21753,12.1
8.14,12,-0.217535,12.1
8.145,12,-0.21754,12.1
8.15,12,-0.217545,12.1
8.155,12,-0.21755,12.1
8.16,12,-0.217555,12.1
8.165,12,-0.21756,12.1
8.17,12,-0.217565,12.1
8.175,12,-0.21757,12.1
8.18,12,-0.217575,12.1
8.185,12,-0.21758,12.1
8.19,12,-0.217585,12.1
8.195,12,-0.21759,12.1
8.2,12,-0.217595,12.1
8.205,12,-0.2176,12.1
8.21,12,-0.217605,12.1
8.215,12,-0.21761,12.1
8.22,12,-0.217615,12.1
8.225,12,-0.21762,12.1
8.23,12,-0.217625,12.1
8.235,12,-0.21763,12.1
8.24,12,-0.217635,12
8.245,12,0.4,12
8.25,12,0,12
8.255,12,0,12
8.26,12,0,12
8.265,12,0,12
8.27,12,0,12
8.275,12,0,12
8.28,12,0,12
8.285,12,0,12
8.29,12,0,12
8.295,12,0,12
8.3,12,0,12
8.305,12,0,12
8.31,12,0,12
8.315,12,0,12
8.32,12,0,12
8.325,12,0,12
8.33,12,0,12
8.335,12,0,12
8.34,12,0,12
8.345,12,0,12
8.35,12,0,12
8.355,12,0,12
8.36,12,0,12
8.365,12,0,12
8.37,12,0,12
8.375,12,0,12
8.38,12,0,12
8.385,12,0,12
8.39,12,0,12
8.395,12,0,12
8.4,12,0,12
8.405,12,0,12
8.41,12,0,12
8.415,12,0,12
8.42,12,0,12
8.425,12,0,12
8.43,12,0,12
8.435,12,0,12
8.44,12,0,12
8.445,12,0,12
8.45,12,0,12
8.455,12,0,12
8.46,12,0,12
8.465,12,0,12
8.47,12,0,12
8.475,12,0,12
8.48,12,0,12
8.485,12,0,12
8.49,12,0,12
8.495,12,0,12
8.5,12,0,12
8.505,12,0,12
8.51,12,0,12
8.515,12,0,12
8.52,12,0,12
8.525,12,0,12
8.53,12,0,12
8.535,12,0,12
8.54,12,0,12
8.545,12,0,12
8.55,12,0,12
8.555,12,0,12
8.56,12,0,12
8.565,12,0,12
8.57,12,0,12
8.575,12,0,12
8.58,12,0,12
8.585,12,0,12
8.59,12,0,12
8.595,12,0,12
8.6,12,0,12
8.605,12,0,12
8.61,12,0,12
8.615,12,0,12
8.62,12,0,12
8.625,12,0,12
8.63,12,0,12
8.635,12,0,12
8.64,12,0,12
8.645,12,0,12
8.65,12,0,12
8.655,12,0,12
8.66,12,0,12
8.665,12,0,12
8.67,12,0,12
8.675,12,0,12
8.68,12,0,12
8.685,12,0,12
8.69,12,0,12
8.695,12,0,12
8.7,12,0,12
8.705,12,0,12
8.71,12,0,12
8.715,12,0,12
8.72,12,0,12
8.725,12,0,12
8.73,12,0,12
8.735,12,0,12
8.74,12,0,12
8.745,12,0,12
8.75,12,0,12
8.755,12,0,12
8.76,12,0,12
8.765,12,0,12
8.77,12,0,12
8.775,12,0,12
8.78,12,0,12
8.785,12,0,12
8.79,12,0,12
8.795,12,0,12
8.8,12,0,12
8.805,12,0,12
8.81,12,0,12
8.815,12,0,12
8.82,12,0,12
8.825,12,0,12
8.83,12,0,12
8.835,12,0,12
8.84,12,0,12
8.845,12,0,12
8.85,12,0,12
8.855,12,0,12
8.86,12,0,12
8.865,12,0,12
8.87,12,0,12
8.875,12,0,12
8.88,12,0,12
8.885,12,0,12
8.89,12,0,12
8.895,12,0,12
8.9,12,0,12
8.905,12,0,12
8.91,12,0,12
8.915,12,0,12
8.92,12,0,12
8.925,12,0,12
8.93,12,0,12
8.935,12,0,12
8.94,12,0,12
8.945,12,0,12
8.95,12,0,12
8.955,12,0,12
8.96,12,0,12
8.965,12,0,12
8.97,12,0,12
8.975,12,0,12
8.98,12,0,12
8.985,12,0,12
8.99,12,0,12
8.995,12,0,12
9,12,0,12
9.005,12,0,12
9.01,12,0,12
9.015,12,0,12
9.02,12,0,12
9.025,12,0,12
9.03,12,0,12
9.035,12,0,12
9.04,12,0,12
9.045,12,0,12
9.05,12,0,12
9.055,12,0,12
9.06,12,0,12
9.065,12,0,12
9.07,12,0,12
9.075,12,0,12
9.08,12,0,12
9.085,12,0,12
9.09,12,0,12
9.095,12,0,12
9.1,12,0,12
9.105,12,0,12
9.11,12,0,12
9.115,12,0,12
9.12,12,0,12
9.125,12,0,12
9.13,12,0,12
9.135,12,0,12
9.14,12,0,12
9.145,12,0,12
9.15,12,0,12
9.155,12,0,12
9.16,12,0,12
9.165,12,0,12
9.17,12,0,12
9.175,12,0,12
9.18,12,0,12
9.185,12,0,12
9.19,12,0,12
9.195,12,0,12
9.2,12,0,12
9.205,12,0,12
9.21,12,0,12
9.215,12,0,12
9.22,12,0,12
9.225,12,0,12
9.23,12,0,12
9.235,12,0,12
9.24,12,0,12
9.245,12,0,12
9.25,12,0,12
9.255,12,0,12
9.26,12,0,12
9.265,12,0,12
9.27,12,0,12
9.275,12,0,12
9.28,12,0,12
9.285,12,0,12
9.29,12,0,12
9.295,12,0,12
9.3,12,0,12
9.305,12,0,12
9.31,12,0,12
9.315,12,0,12
9.32,12,0,12
9.325,12,0,12
9.33,12,0,12
9.335,12,0,12
9.34,12,0,12
9.345,12,0,12
9.35,12,0,12
9.355,12,0,12
9.36,12,0,12
9.365,12,0,12
9.37,12,0,12
9.375,12,0,12
9.38,12,0,12
9.385,12,0,12
9.39,12,0,12
9.395,12,0,12
9.4,12,0,12
9.405,12,0,12
9.41,12,0,12
9.415,12,0,12
9.42,12,0,12
9.425,12,0,12
9.43,12,0,12
9.435,12,0,12
9.44,12,0,12
9.445,12,0,12
9.45,12,0,12
9.455,12,0,12
9.46,12,0,12
9.465,12,0,12
9.47,12,0,12
9.475,12,0,12
9.48,12,0,12
9.485,12,0,12
9.49,12,0,12
9.495,12,0,12
9.5,12,0,12
9.505,12,0,12
9.51,12,0,12
9.515,12,0,12
9.52,12,0,12
9.525,12,0,12
9.53,12,0,12
9.535,12,0,12
9.54,12,0,12
9.545,12,0,12
9.55,12,0,12
9.555,12,0,12
9.56,12,0,12
9.565,12,0,12
9.57,12,0,12
9.575,12,0,12
9.58,12,0,12
9.585,12,0,12
9.59,12,0,12
9.595,12,0,12
9.6,12,0,12
9.605,12,0,12
9.61,12,0,12
9.615,12,0,12
9.62,12,0,12
9.625,12,0,12
9.63,12,0,12
9.635,12,0,12
9.64,12,0,12
9.645,12,0,12
9.65,12,0,12
9.655,12,0,12
9.66,12,0,12
9.665,12,0,12
9.67,12,0,12
9.675,12,0,12
9.68,12,0,12
9.685,12,0,12
9.69,12,0,12
9.695,12,0,12
9.7,12,0,12
9.705,12,0,12
9.71,12,0,12
9.715,12,0,12
9.72,12,0,12
9.725,12,0,12
9.73,12,0,12
9.735,12,0,12
9.74,12,0,12
9.745,12,0,12
9.75,12,0,12
9.755,12,0,12
9.76,12,0,12
9.765,12,0,12
9.77,12,0,12
9.775,12,0,12
9.78,12,0,12
9.785,12,0,12
9.79,12,0,12
9.795,12,0,12
9.8,12,0,12
9.805,12,0,12
9.81,12,0,12
9.815,12,0,12
9.82,12,0,12
9.825,12,0,12
9.83,12,0,12
9.835,12,0,12
9.84,12,0,12
9.845,12,0,12
9.85,12,0,12
9.855,12,0,12
9.86,12,0,12
9.865,12,0,12
9.87,12,0,12
9.875,12,0,12
9.88,12,0,12
9.885,12,0,12
9.89,12,0,12
9.895,12,0,12
9.9,12,0,12
9.905,12,0,12
9.91,12,0,12
9.915,12,0,12
9.92,12,0,12
9.925,12,0,12
9.93,12,0,12
9.935,12,0,12
9.94,12,0,12
9.945,12,0,12
9.95,12,0,12
9.955,12,0,12
9.96,12,0,12
9.965,12,0,12
9.97,12,0,12
9.975,12,0,12
9.98,12,0,12
9.985,12,0,12
9.99,12,0,12
9.995,12,0,12
10,12,0,12
10.005,12,0,12
10.01,12,0,12
10.015,12,0,12
10.02,12,0,12
10.025,12,0,12
10.03,12,0,12
10.035,12,0,12
10.04,12,0,12
10.045,12,0,12
10.05,12,0,12
10.055,12,0,12
10.06,12,0,12
10.065,12,0,12
10.07,12,0,12
10.075,12,0,12
10.08,12,0,12
10.085,12,0,12
10.09,12,0,12
10.095,12,0,12
10.1,12,0,12
10.105,12,0,12
10.11,12,0,12
10.115,12,0,12
10.12,12,0,12
10.125,12,0,12
10.13,12,0,12
10.135,12,0,12
10.14,12,0,12
10.145,12,0,12
10.15,12,0,12
10.155,12,0,12
10.16,12,0,12
10.165,12,0,12
10.17,12,0,12
10.175,12,0,12
10.18,12,0,12
10.185,12,0,12
10.19,12,0,12
10.195,12,0,12
10.2,12,0,12
10.205,12,0,12
10.21,12,0,12
10.215,12,0,12
10.22,12,0,12
10.225,12,0,12
10.23,12,0,12
10.235,12,0,12
10.24,12,0,12
10.245,12,0,12
10.25,12,0,12
10.255,12,0,12
10.26,12,0,12
10.265,12,0,12
10.27,12,0,12
10.275,12,0,12
10.28,12,0,12
10.285,12,0,12
10.29,12,0,12
10.295,12,0,12
10.3,12,0,12
10.305,12,0,12
10.31,12,0,12
10.315,12,0,12
10.32,12,0,12
10.325,12,0,12
10.33,12,0,12
10.335,12,0,12
10.34,12,0,12
10.345,12,0,12
10.35,12,0,12
10.355,12,0,12
10.36,12,0,12
10.365,12,0,12
10.37,12,0,12
10.375,12,0,12
10.38,12,0,12
10.385,12,0,12
10.39,12,0,12
10.395,12,0,12
10.4,12,0,12
10.405,12,0,12
10.41,12,0,12
10.415,12,0,12
10.42,12,0,12
10.425,12,0,12
10.43,12,0,12
10.435,12,0,12
10.44,12,0,12
10.445,12,0,12
10.45,12,0,12
10.455,12,0,12
10.46,12,0,12
10.465,12,0,12
10.47,12,0,12
10.475,12,0,12
10.48,12,0,12
10.485,12,0,12
10.49,12,0,12
10.495,12,0,12
10.5,12,0,12
10.505,12,0,12
10.51,12,0,12
10.515,12,0,12
10.52,12,0,12
10.525,12,0,12
10.53,12,0,12
10.535,12,0,12
10.54,12,0,12
10.545,12,0,12
10.55,12,0,12
10.555,12,0,12
10.56,12,0,12
10.565,12,0,12
10.57,12,0,12
10.575,12,0,12
10.58,12,0,12
10.585,12,0,12
10.59,12,0,12
10.595,12,0,12
10.6,12,0,12
10.605,12,0,12
10.61,12,0,12
10.615,12,0,12
10.62,12,0,12
10.625,12,0,12
10.63,12,0,12
10.635,12,0,12
10.64,12,0,12
10.645,12,0,12
10.65,12,0,12
10.655,12,0,12
10.66,12,0,12
10.665,12,0,12
10.67,12,0,12
10.675,12,0,12
10.68,12,0,12
10.685,12,0,12
10.69,12,0,12
10.695,12,0,12
10.7,12,0,12
10.705,12,0,12
10.71,12,0,12
10.715,12,0,12
10.72,12,0,12
10.725,12,0,12
10.73,12,0,12
10.735,12,0,12
10.74,12,0,12
10.745,12,0,12
10.75,12,0,12
10.755,12,0,12
10.76,12,0,12
10.765,12,0,12
10.77,12,0,12
10.775,12,0,12
10.78,12,0,12
10.785,12,0,12
10.79,12,0,12
10.795,12,0,12
10.8,12,0,12
10.805,12,0,12
10.81,12,0,12
10.815,12,0,12
10.82,12,0,12
10.825,12,0,12
10.83,12,0,12
10.835,12,0,12
10.84,12,0,12
10.845,12,0,12
10.85,12,0,12
10.855,12,0,12
10.86,12,0,12
10.865,12,0,12
10.87,12,0,12
10.875,12,0,12
10.88,12,0,12
10.885,12,0,12
10.89,12,0,12
10.895,12,0,12
10.9,12,0,12
10.905,12,0,12
10.91,12,0,12
10.915,12,0,12
10.92,12,0,12
10.925,12,0,12
10.93,12,0,12
10.935,12,0,12
10.94,12,0,12
10.945,12,0,12
10.95,12,0,12
10.955,12,0,12
10.96,12,0,12
10.965,12,0,12
10.97,12,0,12
10.975,12,0,12
10.98,12,0,12
10.985,12,0,12
10.99,12,0,12
10.995,12,0,12
11,13.5,8.25007,12
11.005,13.5,2.25015,12
11.01,13.5,2.25022,12
11.015,13.5,2.2503,12
11.02,13.5,2.25038,12
11.025,13.5,2.25045,12
11.03,13.5,2.25053,12
11.035,13.5,2.2506,12
11.04,13.5,2.25068,12
11.045,13.5,2.25075,12
11.05,13.5,2.25082,12
11.055,13.5,2.2509,12
11.06,13.5,2.25097,12
11.065,13.5,2.25105,12
11.07,13.5,2.25113,12
11.075,13.5,2.2512,12
11.08,13.5,2.25128,12
11.085,13.5,2.25135,12
11.09,13.5,2.25142,12
11.095,13.5,2.2515,12
11.1,13.5,2.25157,12
11.105,13.5,2.25165,12
11.11,13.5,2.25172,12
11.115,13.5,2.2518,12
11.12,13.5,2.25188,12
11.125,13.5,2.25195,12
11.13,13.5,2.25203,12
11.135,13.5,2.2521,12
11.14,13.5,2.25217,12
11.145,13.5,2.25225,12
11.15,13.5,2.25232,12
11.155,13.5,2.2524,12
11.16,13.5,2.25248,12
11.165,13.5,2.25255,12
11.17,13.5,2.25263,12
11.175,13.5,2.2527,12
11.18,13.5,2.25278,12
11.185,13.5,2.25285,12
11.19,13.5,2.25292,12
11.195,13.5,2.253,12
11.2,13.5,2.25307,12
11.205,13.5,2.25315,12
11.21,13.5,2.25323,12
11.215,13.5,2.2533,12
11.22,13.5,2.25338,12
11.225,13.5,2.25345,12
11.23,13.5,2.25353,12
11.235,13.5,2.2536,12
11.24,13.5,2.25367,12
11.245,13.5,2.25375,12
11.25,13.5,2.25382,12
11.255,13.5,2.2539,12
11.26,13.5,2.25398,12
11.265,13.5,2.25405,12
11.27,13.5,2.25413,12
11.275,13.5,2.2542,12
11.28,13.5,2.25427,12
11.285,13.5,2.25435,12
11.29,13.5,2.25442,12
11.295,13.5,2.2545,12
11.3,13.5,2.25457,12
11.305,13.5,2.25465,12
11.31,13.5,2.25473,12
11.315,13.5,2.2548,12
11.32,13.5,2.25488,12
11.325,13.5,2.25495,12
11.33,13.5,2.25502,12
11.335,13.5,2.2551,12
11.34,13.5,2.25517,12
11.345,13.5,2.25525,12
11.35,13.5,2.25533,12
11.355,13.5,2.2554,12
11.36,13.5,2.25548,12
11.365,13.5,2.25555,12
11.37,13.5,2.25563,12
11.375,13.5,2.2557,12
11.38,13.5,2.25577,12
11.385,13.5,2.25585,12
11.39,13.5,2.25592,12
11.395,13.5,2.256,12
11.4,13.5,2.25608,12
11.405,13.5,2.25615,12
11.41,13.5,2.25623,12
11.415,13.5,2.2563,12
11.42,13.5,2.25637,12
11.425,13.5,2.25645,12
11.43,13.5,2.25652,12
11.435,13.5,2.2566,12
11.44,13.5,2.25667,12
11.445,13.5,2.25675,12
11.45,13.5,2.25683,12
11.455,13.5,2.2569,12
11.46,13.5,2.25698,12
11.465,13.5,2.25705,12
11.47,13.5,2.25712,12
11.475,13.5,2.2572,12
11.48,13.5,2.25727,12
11.485,13.5,2.25735,12
11.49,13.5,2.25743,12
11.495,13.5,2.2575,12
11.5,13.5,2.25758,12
11.505,13.5,2.25765,12
11.51,13.5,2.25773,12
11.515,13.5,2.2578,12
11.52,13.5,2.25787,12
11.525,13.5,2.25795,12
11.53,13.5,2.25802,12
11.535,13.5,2.2581,12
11.54,13.5,2.25818,12
11.545,13.5,2.25825,12
11.55,13.5,2.25833,12
11.555,13.5,2.2584,12
11.56,13.5,2.25847,12
11.565,13.5,2.25855,12
11.57,13.5,2.25862,12
11.575,13.5,2.2587,12
11.58,13.5,2.25877,12
11.585,13.5,2.25885,12
11.59,13.5,2.25893,12
11.595,13.5,2.259,12
11.6,13.5,2.25908,12
11.605,13.5,2.25915,12
11.61,13.5,2.25922,12
11.615,13.5,2.2593,12
11.62,13.5,2.25937,12
11.625,13.5,2.25945,12
11.63,13.5,2.25953,12
11.635,13.5,2.2596,12
11.64,13.5,2.25968,12
11.645,13.5,2.25975,12
11.65,13.5,2.25983,12
11.655,13.5,2.2599,12
11.66,13.5,2.25997,12
11.665,13.5,2.26005,12
11.67,13.5,2.26012,12
11.675,13.5,2.2602,12
11.68,13.5,2.26028,12
11.685,13.5,2.26035,12
11.69,13.5,2.26043,12
11.695,13.5,2.2605,12
11.7,13.5,2.26057,12
11.705,13.5,2.26065,12
11.71,13.5,2.26072,12
11.715,13.5,2.2608,12
11.72,13.5,2.26087,12
11.725,13.5,2.26095,12
11.73,13.5,2.26103,12
11.735,13.5,2.2611,12
11.74,13.5,2.26118,12
11.745,13.5,2.26125,12
11.75,13.5,2.26132,12
11.755,13.5,2.2614,12
11.76,13.5,2.26147,12
11.765,13.5,2.26155,12
11.77,13.5,2.26162,12
11.775,13.5,2.2617,12
11.78,13.5,2.26178,12
11.785,13.5,2.26185,12
11.79,13.5,2.26193,12
11.795,13.5,2.262,12
11.8,13.5,2.26207,12
11.805,13.5,2.26215,12
11.81,13.5,2.26222,12
11.815,13.5,2.2623,12
11.82,13.5,2.26238,12
11.825,13.5,2.26245,12
11.83,13.5,2.26253,12
11.835,13.5,2.2626,12
11.84,13.5,2.26268,12
11.845,13.5,2.26275,12
11.85,13.5,2.26282,12
11.855,13.5,2.2629,12
11.86,13.5,2.26297,12
11.865,13.5,2.26305,12
11.87,13.5,2.26313,12
11.875,13.5,2.2632,12
11.88,13.5,2.26328,12
11.885,13.5,2.26335,12
11.89,13.5,2.26342,12
11.895,13.5,2.2635,12
11.9,13.5,2.26357,12
11.905,13.5,2.26365,12
11.91,13.5,2.26372,12
11.915,13.5,2.2638,12
11.92,13.5,2.26388,12
11.925,13.5,2.26395,12
11.93,13.5,2.26403,12
11.935,13.5,2.2641,12
11.94,13.5,2.26417,12
11.945,13.5,2.26425,12
11.95,13.5,2.26432,12
11.955,13.5,2.2644,12
11.96,13.5,2.26448,12
11.965,13.5,2.26455,12
11.97,13.5,2.26463,12
11.975,13.5,2.2647,12
11.98,13.5,2.26478,12
11.985,13.5,2.26485,12
11.99,13.5,2.26492,12
11.995,13.5,2.265,12
12,13.5,2.26507,12
12.005,13.5,2.26515,12
12.01,13.5,2.26523,12
12.015,13.5,2.2653,12
12.02,13.5,2.26538,12
12.025,13.5,2.26545,12
12.03,13.5,2.26553,12
12.035,13.5,2.2656,12
12.04,13.5,2.26567,12
12.045,13.5,2.26575,12
12.05,13.5,2.26582,12
12.055,13.5,2.2659,12
12.06,13.5,2.26598,12
12.065,13.5,2.26605,12
12.07,13.5,2.26613,12
12.075,13.5,2.2662,12
12.08,13.5,2.26627,12
12.085,13.5,2.26635,12
12.09,13.5,2.26642,12
12.095,13.5,2.2665,12
12.1,13.5,2.26658,12
12.105,13.5,2.26665,12
12.11,13.5,2.26673,12
12.115,13.5,2.2668,12
12.12,13.5,2.26688,12
12.125,13.5,2.26695,12
12.13,13.5,2.26702,12
12.135,13.5,2.2671,12
12.14,13.5,2.26717,12
12.145,13.5,2.26725,12
12.15,13.5,2.26733,12
12.155,13.5,2.2674,12
12.16,13.5,2.26748,12
12.165,13.5,2.26755,12
12.17,13.5,2.26763,12
12.175,13.5,2.2677,12
12.18,13.5,2.26777,12
12.185,13.5,2.26785,12
12.19,13.5,2.26792,12
12.195,13.5,2.268,12
12.2,13.5,2.26808,12
12.205,13.5,2.26815,12
12.21,13.5,2.26823,12
12.215,13.5,2.2683,12
12.22,13.5,2.26838,12
12.225,13.5,2.26845,12
12.23,13.5,2.26852,12
12.235,13.5,2.2686,12
12.24,13.5,2.26867,12
12.245,13.5,2.26875,12
12.25,13.5,2.26883,12
12.255,13.5,2.2689,12
12.26,13.5,2.26898,12
12.265,13.5,2.26905,12
12.27,13.5,2.26912,12
12.275,13.5,2.2692,12
12.28,13.5,2.26927,12
12.285,13.5,2.26935,12
12.29,13.5,2.26943,12
12.295,13.5,2.2695,12
12.3,13.5,2.26958,12
12.305,13.5,2.26965,12
12.31,13.5,2.26973,12
12.315,13.5,2.2698,12
12.32,13.5,2.26987,12
12.325,13.5,2.26995,12
12.33,13.5,2.27002,12
12.335,13.5,2.2701,12
12.34,13.5,2.27018,12
12.345,13.5,2.27025,12
12.35,13.5,2.27033,12
12.355,13.5,2.2704,12
12.36,13.5,2.27048,12
12.365,13.5,2.27055,12
12.37,13.5,2.27062,12
12.375,13.5,2.2707,12
12.38,13.5,2.27077,12
12.385,13.5,2.27085,12
12.39,13.5,2.27093,12
12.395,13.5,2.271,12
12.4,13.5,2.27108,12
12.405,13.5,2.27115,12
12.41,13.5,2.27122,12
12.415,13.5,2.2713,12
12.42,13.5,2.27137,12
12.425,13.5,2.27145,12
12.43,13.5,2.27153,12
12.435,13.5,2.2716,12
12.44,13.5,2.27168,12
12.445,13.5,2.27175,12
12.45,13.5,2.27183,12
12.455,13.5,2.2719,12
12.46,13.5,2.27197,12
12.465,13.5,2.27205,12
12.47,13.5,2.27212,12
12.475,13.5,2.2722,12
12.48,13.5,2.27228,12
12.485,13.5,2.27235,12
12.49,13.5,2.27243,12
12.495,13.5,2.2725,12
12.5,13.5,2.27257,12
12.505,13.5,2.27265,12
12.51,13.5,2.27272,12
12.515,13.5,2.2728,12
12.52,13.5,2.27287,12
12.525,13.5,2.27295,12
12.53,13.5,2.27303,12
12.535,13.5,2.2731,12
12.54,13.5,2.27318,12
12.545,13.5,2.27325,12
12.55,13.5,2.27332,12
12.555,13.5,2.2734,12
12.56,13.5,2.27347,12
12.565,13.5,2.27355,12
12.57,13.5,2.27363,12
12.575,13.5,2.2737,12
12.58,13.5,2.27378,12
12.585,13.5,2.27385,12
12.59,13.5,2.27392,12
12.595,13.5,2.274,12
12.6,13.5,2.27407,12
12.605,13.5,2.27415,12
12.61,13.5,2.27422,12
12.615,13.5,2.2743,12
12.62,13.5,2.27438,12
12.625,13.5,2.27445,12
12.63,13.5,2.27453,12
12.635,13.5,2.2746,12
12.64,13.5,2.27467,12
12.645,13.5,2.27475,12
12.65,13.5,2.27482,12
12.655,13.5,2.2749,12
12.66,13.5,2.27497,12
12.665,13.5,2.27505,12
12.67,13.5,2.27513,12
12.675,13.5,2.2752,12
12.68,13.5,2.27528,12
12.685,13.5,2.27535,12
12.69,13.5,2.27542,12
12.695,13.5,2.2755,12
12.7,13.5,2.27557,12
12.705,13.5,2.27565,12
12.71,13.5,2.27572,12
12.715,13.5,2.2758,12
12.72,13.5,2.27588,12
12.725,13.5,2.27595,12
12.73,13.5,2.27602,12
12.735,13.5,2.2761,12
12.74,13.5,2.27617,12
12.745,13.5,2.27625,12
12.75,13.5,2.27632,12
12.755,13.5,2.2764,12
12.76,13.5,2.27648,12
12.765,13.5,2.27655,12
12.77,13.5,2.27663,12
12.775,13.5,2.2767,12
12.78,13.5,2.27677,12
12.785,13.5,2.27685,12
12.79,13.5,2.27692,12
12.795,13.5,2.277,12
12.8,13.5,2.27707,12
12.805,13.5,2.27715,12
12.81,13.5,2.27723,12
12.815,13.5,2.2773,12
12.82,13.5,2.27737,12
12.825,13.5,2.27745,12
12.83,13.5,2.27752,12
12.835,13.5,2.2776,12
12.84,13.5,2.27767,12
12.845,13.5,2.27775,12
12.85,13.5,2.27782,12
12.855,13.5,2.2779,12.1
12.86,13.5,1.72797,12.1
12.865,13.5,2.12804,12.1
12.87,13.5,2.12811,12.1
12.875,13.5,2.12818,12.1
12.88,13.5,2.12825,12.1
12.885,13.5,2.12832,12.1
12.89,13.5,2.12839,12.2
12.895,13.5,1.57845,12.2
12.9,13.5,1.97852,12.2
12.905,13.5,1.97858,12.2
12.91,13.5,1.97865,12.2
12.915,13.5,1.97871,12.2
12.92,13.5,1.97878,12.2
12.925,13.5,1.97884,12.3
12.93,13.5,1.42891,12.3
12.935,13.5,1.82896,12.3
12.94,13.5,1.82902,12.3
12.945,13.5,1.82908,12.3
12.95,13.5,1.82914,12.3
12.955,13.5,1.8292,12.3
12.96,13.5,1.82926,12.3
12.965,13.5,1.82932,12.4
12.97,13.5,1.27938,12.4
12.975,13.5,1.67943,12.4
12.98,13.5,1.67949,12.4
12.985,13.5,1.67954,12.4
12.99,13.5,1.6796,12.4
12.995,13.5,1.67965,12.4
13,13.5,1.67971,12.5
13.005,13.5,1.12976,12.5
13.01,13.5,1.52981,12.5
13.015,13.5,1.52986,12.5
13.02,13.5,1.52991,12.5
13.025,13.5,1.52996,12.5
13.03,13.5,1.53001,12.5
13.035,13.5,1.53006,12.5
13.04,13.5,1.53011,12.5
13.045,13.5,1.53016,12.6
13.05,13.5,0.980205,12.6
13.055,13.5,1.38025,12.6
13.06,13.5,1.38029,12.6
13.065,13.5,1.38034,12.6
13.07,13.5,1.38038,12.6
13.075,13.5,1.38043,12.6
13.08,13.5,1.38047,12.6
13.085,13.5,1.38052,12.6
13.09,13.5,1.38056,12.7
13.095,13.5,0.830605,12.7
13.1,13.5,1.23064,12.7
13.105,13.5,1.23068,12.7
13.11,13.5,1.23072,12.7
13.115,13.5,1.23076,12.7
13.12,13.5,1.2308,12.7
13.125,13.5,1.23084,12.7
13.13,13.5,1.23088,12.7
13.135,13.5,1.23092,12.7
13.14,13.5,1.23096,12.8
13.145,13.5,0.681,12.8
13.15,13.5,1.08103,12.8
13.155,13.5,1.08107,12.8
13.16,13.5,1.0811,12.8
13.165,13.5,1.08114,12.8
13.17,13.5,1.08117,12.8
13.175,13.5,1.08121,12.8
13.18,13.5,1.08124,12.8
13.185,13.5,1.08128,12.8
13.19,13.5,1.08131,12.8
13.195,13.5,1.08135,12.8
13.2,13.5,1.08138,12.9
13.205,13.5,0.531415,12.9
13.21,13.5,0.931445,12.9
13.215,13.5,0.931475,12.9
13.22,13.5,0.931505,12.9
13.225,13.5,0.931535,12.9
13.23,13.5,0.931565,12.9
13.235,13.5,0.931595,12.9
13.24,13.5,0.931625,12.9
13.245,13.5,0.931655,12.9
13.25,13.5,0.931685,12.9
13.255,13.5,0.931715,12.9
13.26,13.5,0.931745,12.9
13.265,13.5,0.931775,13
13.27,13.5,0.3818,13
13.275,13.5,0.781825,13
13.28,13.5,0.78185,13
13.285,13.5,0.781875,13
13.29,13.5,0.7819,13
13.295,13.5,0.781925,13
13.3,13.5,0.78195,13
13.305,13.5,0.781975,13
13.31,13.5,0.782,13
13.315,13.5,0.782025,13
13.32,13.5,0.78205,13
13.325,13.5,0.782075,13
13.33,13.5,0.7821,13
13.335,13.5,0.782125,13
13.34,13.5,0.78215,13
13.345,13.5,0.782175,13.1
13.35,13.5,0.232195,13.1
13.355,13.5,0.632215,13.1
13.36,13.5,0.632235,13.1
13.365,13.5,0.632255,13.1
13.37,13.5,0.632275,13.1
13.375,13.5,0.632295,13.1
13.38,13.5,0.632315,13.1
13.385,13.5,0.632335,13.1
13.39,13.5,0.632355,13.1
13.395,13.5,0.632375,13.1
13.4,13.5,0.632395,13.1
13.405,13.5,0.632415,13.1
13.41,13.5,0.632435,13.1
13.415,13.5,0.632455,13.1
13.42,13.5,0.632475,13.1
13.425,13.5,0.632495,13.1
13.43,13.5,0.632515,13.1
13.435,13.5,0.632535,13.1
13.44,13.5,0.632555,13.1
13.445,13.5,0.632575,13.2
13.45,13.5,0.08259,13.2
13.455,13.5,0.482605,13.2
13.46,13.5,0.48262,13.2
13.465,13.5,0.482635,13.2
13.47,13.5,0.48265,13.2
13.475,13.5,0.482665,13.2
13.48,13.5,0.48268,13.2
13.485,13.5,0.482695,13.2
13.49,13.5,0.48271,13.2
13.495,13.5,0.482725,13.2
13.5,13.5,0.48274,13.2
13.505,13.5,0.482755,13.2
13.51,13.5,0.48277,13.2
13.515,13.5,0.482785,13.2
13.52,13.5,0.4828,13.2
13.525,13.5,0.482815,13.2
13.53,13.5,0.48283,13.2
13.535,13.5,0.482845,13.2
13.54,13.5,0.48286,13.2
13.545,13.5,0.482875,13.2
13.55,13.5,0.48289,13.2
13.555,13.5,0.482905,13.2
13.56,13.5,0.48292,13.2
13.565,13.5,0.482935,13.2
13.57,13.5,0.48295,13.3
13.575,13.5,-0.06704,13.3
13.58,13.5,0.33297,13.3
13.585,13.5,0.33298,13.3
13.59,13.5,0.33299,13.3
13.595,13.5,0.333,13.3
13.6,13.5,0.33301,13.3
13.605,13.5,0.33302,13.3
13.61,13.5,0.33303,13.3
13.615,13.5,0.33304,13.3
13.62,13.5,0.33305,13.3
13.625,13.5,0.33306,13.3
13.63,13.5,0.33307,13.3
13.635,13.5,0.33308,13.3
13.64,13.5,0.33309,13.3
13.645,13.5,0.3331,13.3
13.65,13.5,0.33311,13.3
13.655,13.5,0.33312,13.3
13.66,13.5,0.33313,13.3
13.665,13.5,0.33314,13.3
13.67,13.5,0.33315,13.3
13.675,13.5,0.33316,13.3
13.68,13.5,0.33317,13.3
13.685,13.5,0.33318,13.3
13.69,13.5,0.33319,13.3
13.695,13.5,0.3332,13.3
13.7,13.5,0.33321,13.3
13.705,13.5,0.33322,13.3
13.71,13.5,0.33323,13.3
13.715,13.5,0.33324,13.3
13.72,13.5,0.33325,13.3
13.725,13.5,0.33326,13.3
13.73,13.5,0.33327,13.3
13.735,13.5,0.33328,13.3
13.74,13.5,0.33329,13.3
13.745,13.5,0.3333,13.3
13.75,13.5,0.33331,13.4
13.755,13.5,-0.216685,13.4
13.76,13.5,0.18332,13.4
13.765,13.5,0.183325,13.4
13.77,13.5,0.18333,13.4
13.775,13.5,0.183335,13.4
13.78,13.5,0.18334,13.4
13.785,13.5,0.183345,13.4
13.79,13.5,0.18335,13.4
13.795,13.5,0.183355,13.4
13.8,13.5,0.18336,13.4
13.805,13.5,0.183365,13.4
13.81,13.5,0.18337,13.4
13.815,13.5,0.183375,13.4
13.82,13.5,0.18338,13.4
13.825,13.5,0.183385,13.4
13.83,13.5,0.18339,13.4
13.835,13.5,0.183395,13.4
13.84,13.5,0.1834,13.4
13.845,13.5,0.183405,13.4
13.85,13.5,0.18341,13.4
13.855,13.5,0.183415,13.4
13.86,13.5,0.18342,13.4
13.865,13.5,0.183425,13.4
13.87,13.5,0.18343,13.4
13.875,13.5,0.183435,13.4
13.88,13.5,0.18344,13.4
13.885,13.5,0.183445,13.4
13.89,13.5,0.18345,13.4
13.895,13.5,0.183455,13.4
13.9,13.5,0.18346,13.4
13.905,13.5,0.183465,13.4
13.91,13.5,0.18347,13.4
13.915,13.5,0.183475,13.4
13.92,13.5,0.18348,13.4
13.925,13.5,0.183485,13.4
13.93,13.5,0.18349,13.4
13.935,13.5,0.183495,13.4
13.94,13.5,0.1835,13.4
13.945,13.5,0.183505,13.4
13.95,13.5,0.18351,13.4
13.955,13.5,0.183515,13.4
13.96,13.5,0.18352,13.4
13.965,13.5,0.183525,13.4
13.97,13.5,0.18353,13.4
13.975,13.5,0.183535,13.4
13.98,13.5,0.18354,13.4
13.985,13.5,0.183545,13.4
13.99,13.5,0.18355,13.4
13.995,13.5,0.183555,13.4
14,13.5,0.18356,13.4
14.005,13.5,0.183565,13.4
14.01,13.5,0.18357,13.4
14.015,13.5,0.183575,13.4
14.02,13.5,0.18358,13.4
14.025,13.5,0.183585,13.4
14.03,13.5,0.18359,13.4
14.035,13.5,0.183595,13.4
14.04,13.5,0.1836,13.4
14.045,13.5,0.183605,13.4
14.05,13.5,0.18361,13.4
14.055,13.5,0.183615,13.4
14.06,13.5,0.18362,13.4
14.065,13.5,0.183625,13.4
14.07,13.5,0.18363,13.4
14.075,13.5,0.183635,13.4
14.08,13.5,0.18364,13.4
14.085,13.5,0.183645,13.4
14.09,13.5,0.18365,13.5
14.095,13.5,-0.4,13.5
14.1,13.5,0,13.5
14.105,13.5,0,13.5
14.11,13.5,0,13.5
14.115,13.5,0,13.5
14.12,13.5,0,13.5
14.125,13.5,0,13.5
14.13,13.5,0,13.5
14.135,13.5,0,13.5
14.14,13.5,0,13.5
14.145,13.5,0,13.5
14.15,13.5,0,13.5
14.155,13.5,0,13.5
14.16,13.5,0,13.5
14.165,13.5,0,13.5
14.17,13.5,0,13.5
14.175,13.5,0,13.5
14.18,13.5,0,13.5
14.185,13.5,0,13.5
14.19,13.5,0,13.5
14.195,13.5,0,13.5
14.2,13.5,0,13.5
14.205,13.5,0,13.5
14.21,13.5,0,13.5
14.215,13.5,0,13.5
14.22,13.5,0,13.5
14.225,13.5,0,13.5
14.23,13.5,0,13.5
14.235,13.5,0,13.5
14.24,13.5,0,13.5
14.245,13.5,0,13.5
14.25,13.5,0,13.5
14.255,13.5,0,13.5
14.26,13.5,0,13.5
14.265,13.5,0,13.5
14.27,13.5,0,13.5
14.275,13.5,0,13.5
14.28,13.5,0,13.5
14.285,13.5,0,13.5
14.29,13.5,0,13.5
14.295,13.5,0,13.5
14.3,13.5,0,13.5
14.305,13.5,0,13.5
14.31,13.5,0,13.5
14.315,13.5,0,13.5
14.32,13.5,0,13.5
14.325,13.5,0,13.5
14.33,13.5,0,13.5
14.335,13.5,0,13.5
14.34,13.5,0,13.5
14.345,13.5,0,13.5
14.35,13.5,0,13.5
14.355,13.5,0,13.5
14.36,13.5,0,13.5
14.365,13.5,0,13.5
14.37,13.5,0,13.5
14.375,13.5,0,13.5
14.38,13.5,0,13.5
14.385,13.5,0,13.5
14.39,13.5,0,13.5
14.395,13.5,0,13.5
14.4,13.5,0,13.5
14.405,13.5,0,13.5
14.41,13.5,0,13.5
14.415,13.5,0,13.5
14.42,13.5,0,13.5
14.425,13.5,0,13.5
14.43,13.5,0,13.5
14.435,13.5,0,13.5
14.44,13.5,0,13.5
14.445,13.5,0,13.5
14.45,13.5,0,13.5
14.455,13.5,0,13.5
14.46,13.5,0,13.5
14.465,13.5,0,13.5
14.47,13.5,0,13.5
14.475,13.5,0,13.5
14.48,13.5,0,13.5
14.485,13.5,0,13.5
14.49,13.5,0,13.5
14.495,13.5,0,13.5
14.5,13.5,0,13.5
14.505,13.5,0,13.5
14.51,13.5,0,13.5
14.515,13.5,0,13.5
14.52,13.5,0,13.5
14.525,13.5,0,13.5
14.53,13.5,0,13.5
14.535,13.5,0,13.5
14.54,13.5,0,13.5
14.545,13.5,0,13.5
14.55,13.5,0,13.5
14.555,13.5,0,13.5
14.56,13.5,0,13.5
14.565,13.5,0,13.5
14.57,13.5,0,13.5
14.575,13.5,0,13.5
14.58,13.5,0,13.5
14.585,13.5,0,13.5
14.59,13.5,0,13.5
14.595,13.5,0,13.5
14.6,13.5,0,13.5
14.605,13.5,0,13.5
14.61,13.5,0,13.5
14.615,13.5,0,13.5
14.62,13.5,0,13.5
14.625,13.5,0,13.5
14.63,13.5,0,13.5
14.635,13.5,0,13.5
14.64,13.5,0,13.5
14.645,13.5,0,13.5
14.65,13.5,0,13.5
14.655,13.5,0,13.5
14.66,13.5,0,13.5
14.665,13.5,0,13.5
14.67,13.5,0,13.5
14.675,13.5,0,13.5
14.68,13.5,0,13.5
14.685,13.5,0,13.5
14.69,13.5,0,13.5
14.695,13.5,0,13.5
14.7,13.5,0,13.5
14.705,13.5,0,13.5
14.71,13.5,0,13.5
14.715,13.5,0,13.5
14.72,13.5,0,13.5
14.725,13.5,0,13.5
14.73,13.5,0,13.5
14.735,13.5,0,13.5
14.74,13.5,0,13.5
14.745,13.5,0,13.5
14.75,13.5,0,13.5
14.755,13.5,0,13.5
14.76,13.5,0,13.5
14.765,13.5,0,13.5
14.77,13.5,0,13.5
14.775,13.5,0,13.5
14.78,13.5,0,13.5
14.785,13.5,0,13.5
14.79,13.5,0,13.5
14.795,13.5,0,13.5
14.8,13.5,0,13.5
14.805,13.5,0,13.5
14.81,13.5,0,13.5
14.815,13.5,0,13.5
14.82,13.5,0,13.5
14.825,13.5,0,13.5
14.83,13.5,0,13.5
14.835,13.5,0,13.5
14.84,13.5,0,13.5
14.845,13.5,0,13.5
14.85,13.5,0,13.5
14.855,13.5,0,13.5
14.86,13.5,0,13.5
14.865,13.5,0,13.5
14.87,13.5,0,13.5
14.875,13.5,0,13.5
14.88,13.5,0,13.5
14.885,13.5,0,13.5
14.89,13.5,0,13.5
14.895,13.5,0,13.5
14.9,13.5,0,13.5
14.905,13.5,0,13.5
14.91,13.5,0,13.5
14.915,13.5,0,13.5
14.92,13.5,0,13.5
14.925,13.5,0,13.5
14.93,13.5,0,13.5
14.935,13.5,0,13.5
14.94,13.5,0,13.5
14.945,13.5,0,13.5
14.95,13.5,0,13.5
14.955,13.5,0,13.5
14.96,13.5,0,13.5
14.965,13.5,0,13.5
14.97,13.5,0,13.5
14.975,13.5,0,13.5
14.98,13.5,0,13.5
14.985,13.5,0,13.5
14.99,13.5,0,13.5
14.995,13.5,0,13.5
